{
  "rooms": [
    {
      "id": "room a",
      "description": "Room a is the starting point of this adventure. It has 2 exits to room b and room c. You don't get any score by entering room a.",
      "exits": [
        {
          "name": "exit 1",
          "room id": "room b"
        },
        {
          "name": "exit 2",
          "room id": "room c"
        }
      ],
      "score": 0,
      "trivias": [
        {
          "question": "What is 1 + 1?",
          "options": [
            "A : 1",
            "B : 2",
            "C : 3",
            "D : 4"
          ],
          "answer": "B"
        },
        {
          "question": "What is 1 - 1?",
          "options": [
            "A : 0",
            "B : 1",
            "C : 2",
            "D : window"
          ],
          "answer": "A"
        }
      ],
      "room key": {
        "key type": "room a",
        "key des": "this key opens room a"
      },
      "prize key": {
        "key type": "room b",
        "key des": "this key opens room b"
      }
    }
  ],
  "start room": "room a",
  "help": "do help",
  "treasure room": "room c",
  "incorrect": 1
}